Number,Threads,Success_Rate,Method_GNFS_Rate,Flaky,OK_Runs,Fail_Runs,Timeout_Fails,NonzeroExit_Fails,WrongFactor_Fails,Method_Mismatch_Count,p50_s,p90_s,p95_s,p99_s
1000036000099,1,1.0,1.0,0,3,0,0,0,0,0,0.171808,0.180769,0.181889,0.182785
1000040000111,1,1.0,1.0,0,3,0,0,0,0,0,0.156196,0.161131,0.161748,0.162242
999985999949,1,1.0,1.0,0,3,0,0,0,0,0,0.180873,0.237094,0.244121,0.249743
1134333631817,1,0.0,0.0,0,0,3,0,0,3,0,,,,
1689664590397,1,0.0,0.0,0,0,3,0,0,3,0,,,,
3072366724723,1,1.0,1.0,0,3,0,0,0,0,0,0.150578,0.243348,0.254944,0.264221
2212105548179,1,1.0,1.0,0,3,0,0,0,0,0,0.209358,0.280388,0.289266,0.296369
2074530891607,1,1.0,1.0,0,3,0,0,0,0,0,0.186796,0.242083,0.248994,0.254523
1846907971487,1,1.0,1.0,0,3,0,0,0,0,0,0.196752,0.210394,0.212099,0.213463
1093491282379,1,1.0,1.0,0,3,0,0,0,0,0,0.196638,0.266998,0.275793,0.282829
2185049068861,1,1.0,1.0,0,3,0,0,0,0,0,0.246345,0.327588,0.337744,0.345868
3728929750121,1,1.0,1.0,0,3,0,0,0,0,0,0.214527,0.257813,0.263224,0.267553
659184217669,1,1.0,1.0,0,3,0,0,0,0,0,0.217069,0.269523,0.276079,0.281325
